ID,Japanese,English,Chinese,EnglishCensored,Korean,German
1,"","Attack","攻擊","","공격","Angriff"
2,"","Attack","攻擊","","공격","Angriff"
3,"","Guard","守備","","방어","Block"
4,"","Escape","逃脫","","도주","Flucht"
5,"","Change","交換","","교체","Ändern"
6,"","Strategy","作戰","","작전","Strategie"
7,"","Auto","自動","","오토","Autom."
8,"","Can't escape!","無法從這場戰鬥中逃脫！","","이 싸움에서 도망칠 수 없다!","Flucht nicht möglich!"
9,"","Could not escape!","逃脫失敗！","","도망치지 못했다!","Flucht fehlgeschlagen!"
10,"","No more Digimon!","將要沒有可以戰鬥的數碼寶貝！","","싸울 디지몬이 없어집니다!","Keine Digimon mehr!"
11,"","","","","",""
19,"","Counter","反擊","","카운터","Konter"
20,"","Paralyzed!","因麻痺而無法動彈！","","마비로 움직일 수 없다!","Gelähmt!"
21,"","Asleep!","因睡眠而無法動彈！","","수면으로 움직일 수 없다!","Schläft!"
22,"","Immobilized by recoil!","因反作用力而無法動彈！","","반동으로 움직일 수 없다!","Rückstoß – pausiert!"
1001,"","Pepper Breath","小型火焰","","꼬마불꽃","Pfefferatem"
1002,"","Spitfire Blast","噴火","","스핏파이어","Speifeuer-Stoß"
1003,"","Diamond Shell","滾動攻擊","","롤링스톤","Diamanten-Schale"
1004,"","Summon","召喚","","서몬","Herbeirufen"
1005,"","Thunder Cloud","閃光電擊","","날벼락치기","Gewitterwolke"
1006,"","Lullaby Bubble","睡之泡","","룰러바이 버블","Schlafliedblase"
1007,"","Double Backhand","雙重反擊","","더블백핸드","Doppelte Rückhand"
1008,"","Electric Stun Blast","麻痺毒氣","","패럴라이즈 브레스","Blitzbetäubung"
1009,"","Blue Blaster","爆炎火焰彈","","파란불꽃","Kleines Feuer"
1010,"","Rock Breaker","破岩擊","","락 브레이커","Felsbrecher"
1011,"","Blinding Ray","絕光衝","","절광충","Blendstrahl"
1012,"","Crazy Giggle","瘋狂大笑","","크레이지 기글","Lachangriff"
1013,"","Rock Fist","憤怒岩石","","돌주먹","Felsenfaust"
1014,"","Goblin Strike","野人火焰彈","","고부리 스트라이크","Goblinschlag"
1015,"","Marching Fishes","魚群大暴走","","물고기 행진","Marschierende Fische"
1016,"","Black Pearl Blast","黑珍珠","","블랙펄","Schwarze Perlensalve"
1017,"","Terrier Tornado","小型龍捲風","","프티 트위스터","Terrier-Tornado"
1018,"","Super Shocker","小型閃電","","푸치썬더","Kleiner Donnerschlag"
1019,"","Plastic Blaze","玩具火焰彈","","토이 플레임","Plastikbrand"
1020,"","Metal Cannon","金屬加農","","메탈 캐논","Metallkanone"
1021,"","Cog Crusher","黑暗齒輪","","톱니바퀴 포","Zahnradzermalmer"
1022,"","Air Shot","空氣炮","","공기팡","Luftstoß"
1023,"","Fifth Rush","五連閃","","피프스 슬래쉬","Fünfter Ansturm"
1024,"","Poison Ivy","毒蔓藤","","독줄기 공격","Giftiger Efeu"
1025,"","Demi Darts","小惡魔飛鏢","","피코주사기","Giftpfeile"
1026,"","Spiral Twister","魔法火焰","","빙빙회오리","Magisches Feuer"
1027,"","Ninja Blade","手裏裏劍","","수리리검","Ninja Messer"
1028,"","Veemon Headbutt","V仔頭槌","","브이몬 헤드","Veemon-Kopfstoß"
1029,"","Puppy Howl","小狗怒吼","","플롯트의 외침","Jaulender Hund"
1030,"","Electric Shock","麻痺電擊","","전격 찌리릿","Elektroschlag"
1031,"","Feather Slash","羽毛回力鏢","","페더 슬래쉬","Federstreich"
1032,"","Seed Blast","堅果射擊","","너츠 슛","Pflanzensamen-Explosion"
1033,"","Grand Cross","宏偉十字架","","그랜드 크로스","Großes Kreuz"
1034,"","Diamond Storm","狐葉楔","","호엽설","Diamantensturm"
1035,"","Blazing Ice","爆裂寒冰","","블레이징 아이스","Brennendes Eis"
1036,"","Sticky Net","粘性羅網","","끈적그물 ","Netzfalle"
1037,"","Glide Horn","碎裂角","","글라이드 호른","Gleithorn"
1038,"","Tail Hammer","尾巴錘擊","","테일 해머","Schwanzhammer"
1039,"","Harpoon Torpedo","魚叉火神炮","","뿔날리기","Harpune"
1040,"","Thunder Cloud","雷雲閃光","","번쩍구름","Gewitterwolke"
1041,"","Branch Drain","吸命樹枝","","브랜치 드레인","Astentleerung"
1042,"","Vee Laser","X光線","","엑스 레이저","Vee-Laser"
1043,"","Heaven's Knuckle","天堂之拳","","헤븐즈 너클","Knöchel des Himmels"
1044,"","Pummel Whack","霸王拳","","패왕권","Kaiserfaust"
1045,"","D-Grenade","毀滅榴彈炮","","D그레네이드","D-Granate"
1046,"","Spiral Blow","螺旋吹襲","","스파이럴 블로우","Spiralschlag"
1047,"","Electro Shocker","百萬爆破","","메가블라스터","Stromschlag"
1048,"","Mature Poop","熟成大便","","숙성 응가","Erwachsenenhaufen"
1049,"","Dumdum Uppercut","達達勾拳","","덤덤 어퍼","Dumdum-Kinnhaken"
1050,"","Fox Fire","妖狐火焰","","푸른화염포","Fuchsfeuer"
1051,"","Will-o'-Wisp","鬼火玉","","귀화옥","Irrlicht"
1052,"","Exhaust Flame","排射火炎","","이그저스트 플레임","Flamme löschen"
1053,"","Data Crusher","資料粉碎者","","데이터 크러셔","Datei-Zerstörer"
1054,"","Mega Flame","超級火焰","","메가파이어","Mega-Flamme"
1055,"","Chrono Breaker","超時空破碎","","크로노 브레이커","Chronometer"
1056,"","Scissor Claw","剪刀臂","","시저암즈","Scherenarme"
1057,"","Symphony Crusher","碰撞交響樂","","크래시 심포니","Melodienanschlag"
1058,"","Golden Rush","黃金榴槤衝刺","","골든 러시","Goldrausch"
1059,"","Hyper Heat","超高熱量","","하이퍼 히트","Megafeuer"
1060,"","Sunshine Beam","陽光射線","","선샤인 빔","Sonnenstrahl"
1061,"","Ice Blast","寒冰箭","","얼음화살","Eisschleuder"
1062,"","Mega Burst","百萬爆破","","메가 버스트","Mega-Explosion"
1063,"","Poop","大便","","응가던지기","Kothaufen"
1064,"","Meteor Shower","流星風暴","","메테오스 콜","Meteorschauer"
1065,"","Spiking Strike","終結刺釘","","스파이킹 피니시","Stechangriff"
1066,"","Crystal Cloud","冰晶雲","","크리스탈 클라우드","Kristallwolke"
1067,"","Hyper Cannon","高壓加農炮","","기관총팔","Hyperkanone"
1068,"","Fire Breath","火焰吐息","","불 뿜기","Feuerodem"
1069,"","Lightning Paw","貓貓拳","","고양이 펀치","Blitzpfote"
1070,"","Death Claw","死亡之爪","","악마의손길","Todeskralle"
1071,"","Needle Spray","尖尖碰碰拳","","바늘뿜기","Nadelfeuer"
1072,"","Power Metal","強力金屬彈","","파워 메탈","Power Metal"
1073,"","Poop Dunk","糞便灌籃","","운치덩크","Kothaufentaucher"
1074,"","Poop Toss","大便投擲","","응가투척","Kothaufenwurf"
1075,"","Meteor Wing","隕石巨翼","","메테오윙","Meteorenflügel"
1076,"","Death Charm","死亡魅惑","","유령손톱","Todeszauber"
1077,"","V-Nova Blast","V疾風矢","","브이브레스 애로우","Hörner-Angriff"
1078,"","Rare Metal Poop","稀有金屬大便","","레어메탈응가","Seltener MetallKothaufen"
1079,"","Lightning Paw","貓貓拳","","고양이 펀치","Blitzpfote"
1080,"","Super Stinky Jet","超惡臭噴射","","초악취 분사","Super-Stinkdüse"
1081,"","Kunai Wing","苦無羽","","수리검날개","Wurfmesser-Flügel"
1082,"","Burning Fist","火焰重拳","","불타는 주먹","Feuerfaust"
1083,"","Sub-zero Ice Punch","絕對零度拳","","절대영도 펀치","Unter-Null-Eisstoß"
1084,"","Fist of the Beast King","獸王拳","","야수주먹","Königsfaust"
1085,"","Razor Wind","驅驅裂空斬","","구구렬공참","Klingenwind"
1086,"","Turbo Stinger","渦輪螫針","","터보 스팅거","Turbostich"
1087,"","Horn Buster","超大角炮","","호른버스터","Hornschlag"
1088,"","Bunny Blades","萬斧斬","","아시파트라바나","Hasenklingen"
1089,"","Spiral Sword","旋轉能量劍","","안드로검","Spiralschwert"
1090,"","Galactic Flare","宇宙閃光","","코스모 플래시","Galaktische Fackel"
1091,"","Spider Shooter","地獄榴彈","","헬즈 그레네이드","Spinnenschuss"
1092,"","Night Raid","夜魔飛襲","","나이트 레이드","Nächtlicher Überfall"
1093,"","Dragon Impulse","神龍衝擊","","드래곤 임펄스","Drachenstoß"
1094,"","Love Serenade","愛心光線","","러브 세레나데","Liebeslied"
1095,"","Celestial Arrow","神聖弓箭","","천국의 화살","Himmelspfeil"
1096,"","Double Scissor Claw","亞米加剪刀臂","","시저암즈Ω","Scherenschnitt"
1097,"","Shadow Wing","影翼斬","","쉐도우 윙","Schattenflügel"
1098,"","Genocidal Gears","種族滅絕飛彈","","제노사이드 어택","Vernichtungswerk"
1099,"","Nitro Stinger","硝基毒針","","니트로 스팅거","Nitrostich"
1100,"","The King of Fists","獅子獸波斬","","사자수파참","König der Fäuste"
1101,"","Desolation Claw","絕滅爪","","이레이즈 크로","Kralle der Vernichtung"
1102,"","Disaster Blaster","荒御魂","","니기미타마","Unheilsblaster"
1103,"","Cherry Bomb","櫻桃炸彈","","페리봄","Kirschbombe"
1104,"","Top Gun","衝上雲霄","","탑건","Top Gun"
1105,"","Superstar Uppercut","巨星上勾拳","","슈퍼스타 어퍼","Superstar-Kinnhaken"
1106,"","Oblivion Bird","湮沒獵鳥","","오블리비언 버드","Vogel des Vergessens"
1107,"","Vulcan's Hammer","重鎚火花","","해머 스파크","Vulkanhammer"
1108,"","Talisman of Light","梵筆閃","","범필섬","Talisman des Lichts"
1109,"","Wind Cutter Sword","疾風天翔劍","","질풍천상검","Windschneiderschwert"
1110,"","Nightmare Syndrome","惡夢症候群","","나이트메어 신드롬","Albtraum-Syndrom"
1111,"","Heavy Metal Fire","重金屬火焰","","헤비 메탈 파이어","Schwermetall-Feuer"
1112,"","Musical Fist","破壞音波","","사무라이 토네","Musikfaust"
1113,"","Metal Meteor","金屬流星","","메탈 메테오","Metallmeteor"
1114,"","Berserk Sword","狂暴大劍","","베르세르크 소드","Berserkerschwert"
1115,"","Digital Bomb","插入式炸彈","","플러그봄","Digi-Bombe"
1116,"","Death Parade Blaster","死亡火箭炮","","데스페라도 블래스터","Trauerzug-Blaster"
1117,"","Fist of Ice","冰獸拳","","얼음주먹","Eisfaust"
1118,"","Trick or Treat","不給糖就搗蛋","","트릭 오어 트리트","Halloweenstreich"
1119,"","Pit Bomb","位元炸彈","","비트 봄","Grubenbombe"
1120,"","Dark Pupil","黑暗瞳孔","","다크 퓨필","Dunkler Schüler"
1121,"","Cold Flame","寒冷火花","","콜드플레임","Kalte Flamme"
1122,"","Unidentified Flying Kiss","惡魔飛吻","","악마의 키스날리기","Fliegender Kuss"
1123,"","Tidal Wave","大海嘯","","타이달 웨이브","Flutwelle"
1124,"","Heaven's Gate","天國之門","","천국의 문","Himmelstor"
1125,"","Winning Knuckle","勝利拳擊","","위닝 너클","Siegesknöchel"
1126,"","Smile Bomber","微笑炸彈","","스마일리 폭탄","Lachbomber"
1127,"","Lightning Javelin","轟雷槍","","번개창날리기","Blitzspeer"
1128,"","Genocide Attack","種族滅絕攻擊","","제노사이드 어택","Vernichtungsschlag"
1129,"","Atomic Blaster","原子爆焰","","아토믹 블래스터","Atom-Blaster"
1130,"","Giga Destroyer","究極破壞炮","","기가 디스트로이어","Giga-Zerstörer"
1131,"","Revenge Flame","復仇火焰","","리벤지 플레임","Flamme der Rache"
1132,"","Nuclear Laser","核子雷射光","","뉴클리어 레이저","Nuklearlaser"
1133,"","Energy Bomb","能量炸彈","","에너지 폭탄","Energiebombe"
1134,"","Hearts Attack","愛心一擊","","러블리 어택","Liebesattacke"
1135,"","Savage Emperor","甕布都神","","미카후츠노카미","Barbarenkaiser"
1136,"","Trident Revolver","三叉戟左輪","","트라이덴트 리볼버","Dreizack-Revolver"
1137,"","Lila Shower","丁香驟雨","","라일라 샤워","Lila Dusche"
1138,"","Golden Triangle","黃金三角","","골든 트라이앵글","Goldenes Dreieck"
1139,"","Flower Cannon","花仙炮","","꽃잎 포","Blumenkanone"
1140,"","Dead or Alive","生死交錯","","데드 오어 얼라이브","Tot oder Lebendig"
1141,"","Darkness Wave","黑暗波","","암흑파","Dunkelheit"
1142,"","Wolf Claw","凱撒銳爪","","카이져네일","Wolfskralle"
1143,"","Pandora Dialogue","潘朵拉對話","","판도라 다이얼로그","Pandora-Dialog"
1144,"","Blade of the Dragon King","王龍劍","","왕룡검","Klinge des Drachenkönigs"
1145,"","The Ray of Victory","閃光V字斬","","샤이닝V포스","Strahl des Sieges"
1146,"","Brain Rupture","腦部破裂","","브레인 럽쳐","Schädelbruch"
1147,"","Megadeath","百萬屠殺","","메가 데스","Megatod"
1148,"","Positron Laser","光子雷射","","포지트론 레이저","Positronen-Laser"
1149,"","Arctic Blizzard","北極暴風雪","","아크틱 블리자드","Arktischer Schneesturm"
1150,"","Venom Infusion","劇毒流注","","베놈 인퓨즈","Giftinfusion"
1151,"","Terra Force","蓋亞能量炮","","가이아포스","Terra-Macht"
1152,"","Pendragon's Glory","大龍頭之光榮","","펜드래건즈 글로리","Pendragons Ruhm"
1153,"","Eden's Javelin","伊甸園標槍","","에덴즈 자벨린","EDEN-Speer"
1154,"","Will-O'-Wisp Slash","燐火斬","","임화참","Irrwisch-Schlag"
1155,"","Demonic Disaster","惡魔災難","","데몬즈 디자스터","Dämonisches Unheil"
1156,"","Quake!Blast!Fire!Father!","地神！神鳴！神馳！親父！","","지신! 신명! 신치! 친부!","Beben!Expl.!Feuer!Vater!"
1157,"","Taizoukai Mandala","胎藏界曼荼羅","","태장계만다라","Taizoukai-Mandala"
1158,"","Dimension Scissor","次元剪刀","","디멘션 시저","Scherenschwert"
1159,"","Destruction Crush","破壞崩潰","","디스트로이드 크래쉬","Zerstörungsangriff"
1160,"","Waltz's End","終結華爾茲","","엔드 왈츠","Ende des Walzers"
1161,"","Heaven's Judgment","天國審判","","헤븐즈저지먼트","Himmlisches Urteil"
1162,"","Howling Crusher","粉碎之爪","","네일 크러셔","Heulendes Elend"
1163,"","Amethyst Mandala","金剛界曼荼羅","","금강계만다라","Amethyst-Mandala"
1164,"","GeoGrey Sword","大地暴龍劍","","지오그레이 소드","GeoGrau-Schwert"
1165,"","Justice Kick","審判飛腳","","저스티스 킥","Tritt der Gerechtigkeit"
1166,"","Bifrost","虹橋","","비프로스트","Bifrost"
1167,"","Strike of the Seven Stars","七重天堂","","세븐스 헤븐즈","Schlag der Sieben Sterne"
1168,"","Burst Shot","爆裂轟擊","","버스트 샷","Kartätsche"
1169,"","Mach Stinger V","馬赫刺針V","","마하스팅거V","Machstich V"
1170,"","Soul Core Attack","魂魄芯擊","","혼백심격","Seelenangriff"
1171,"","Catastrophe Cannon","大災難","","카타스트로피 캐논","Katastrophenkanone"
1172,"","Flame Inferno","火焰地獄","","플레임 인페르노","Flammendes Inferno"
1173,"","Lightning Joust","皇家槍擊","","로얄 세이버","Blitz-Tjost"
1174,"","Wyvern's Breath","飛龍之息","","브레스 오브 와이번","Lindwurmodem"
1175,"","Extinction Wave","滅絕","","아우스 스타벤","Welle der Auslöschung"
1176,"","Atomic Ray","原子射線","","아토믹 레이","Atomstrahl"
1177,"","Judgement of the Blade","轍劍制裁","","철검성패","Klingenurteil"
1178,"","Pandemonium Lost","群魔殿迷失","","판데모니엄 로스트","Verlorenes Pandämonium"
1179,"","Flashy Boss Punch","閃光番長拳","","플래시 반쵸 펀치","Glitzernder Bossschlag"
1180,"","Trump Sword","王牌飛劍","","트럼프검","Trumpfkarte"
1181,"","Puppet Pummel","爆炸鐵鎚","","피노키해머","Puppenhammer"
1182,"","Platinum Junk","白金糞便","","플래티넘 액스클레멘트","Platinschrott"
1183,"","Dark Terra Force","黑暗蓋亞能量炮","","암흑의 가이아포스","Dunkle Terra-Macht"
1184,"","Smile Warhead","微笑彈頭","","스마일리 워헤드","Lächelsprengkopf"
1185,"","Sorrow Blue","悲痛之藍","","소로 블루","Leidendes Blau"
1186,"","Giga Blaster","千兆爆破","","기가블래스터","Gigaschlag"
1187,"","Double Impact","雙重衝擊","","더블 임팩트","Doppelter Einschlag"
1188,"","Eternal Nightmare","永恆惡夢","","이터널 나이트메어","Ewiger Albtraum"
1189,"","Starlight Explosion","星光爆破","","S익스플로전","Sternenlicht-Explosion"
1190,"","Fire Tornado","神聖火焰","","홀리 플레임","Flammenwind"
1191,"","Tomahawk Stinger","戰斧斯坦納","","토마호크 슈타이너","Tomahawk-Stich"
1192,"","Chaos Degradation","混沌降階","","카오스 디그레이드","Chaos-Verringerung"
1193,"","Ocean Love","海洋之愛","","오션 러브","Liebesattacke"
1194,"","Strike Roll","強襲旋斬","","스트라이크 롤","Schlagrolle"
1195,"","Full Moon Blaster","滿月衝擊波","","풀문 블래스터","Vollmond-Blaster"
1196,"","Infinity Cannon","無限大炮","","∞캐논","Unendlichkeitskanone"
1197,"","Banana Slip","蕉皮滑行","","바나나 슬립","Bananenschale"
1198,"","Ice Wolf Claw","優雅十字凍結者","","그레이스 크로스 프리저","Eiswolf-Kralle"
1199,"","Garuru Tomahawk","加魯魯戰斧","","가루루 토마호크","Garuru-Tomahawk"
1200,"","River of Power","究極波浪炮","","얼티메이트 스트림","Energiefluss"
1201,"","Terrors Cluster","驚駭電磁炮","","테러스 클러스터","Schwarm des Schreckens"
1202,"","Biting Crush","魔顎","","로스트룸","Beißendes Zermalmen"
1203,"","Phantom Pain","幻影苦痛","","팬텀 페인","Phantomschmerz"
1204,"","Celestial Blade","天之尾羽張","","아메노오하바리","Himmelsklinge"
1205,"","Spiral Masquerade","螺旋假面舞蹈會","","스파이럴 마스커레이드","Spiral-Maskerade"
1206,"","Thorn Whip","荊棘之鞭","","손 위프","Dornenpeitsche"
1207,"","Seven's Fantasia","七重幻想曲","","세븐즈 판타지아","Siebens Fantasia"
1208,"","Omni Sword","奧米加之劍","","오메가 블레이드","Omnischwert"
1209,"","Transcendent Sword","暴龍颶風劍","","그레이 소드","Graues Schwert"
1210,"","Supreme Cannon","加魯魯加農炮","","가루루 캐논","Überlegene Kanone"
1211,"","Vulcan Crusher","摩天大廈","","볼켄 크러셔","Vulkan-Zerstörer"
1212,"","Gift of Darkness","暗黑天賦","","기프트 오브 다크니스","Gabe der Dunkelheit"
1213,"","Divine Atonement","神之贖罪","","디바인 어톤먼트","Göttliche Sühne"
1214,"","Flaming Fist","烈焰拳","","너클 파이어","Flammenfaust"
1215,"","S-Gold Solar Storm","閃金太陽風暴","","S골드솔라스톰","S-Gold Sonnensturm"
1216,"","Golden Triangle","黃金三角","","골든 트라이앵글","Goldenes Dreieck"
1223,"","L Express Attack","特急攻擊","","L익스프레스 어택","L-Schnellangriff"
1224,"","Shield of the Just","極樂淨土","","파이널 엘리시온","Schild der Gerechten"
1225,"","Table Flip","掀飯桌","","밥상뒤집기","Tischwurf"
1226,"","Victory Sword","究極聖劍","","알포스 세이버","Siegesschwert"
1227,"","Soul Digitalization","數碼之魂","","디지털라이즈 오브 소울","Seelen-Digitalisierung"
1228,"","Plasma Shot","等離子射擊","","플라즈마 슛","Plasmaschuss"
1229,"","Odin's Breath","奧丁之息","","오딘즈 브레스","Odins Atem"
1230,"","Breath of the Gods","神之庇佑","","갓 브레스","Atem der Götter"
1231,"","Dragon's Roar","龍之怒吼","","드래곤즈 로어","Drachengebrüll"
1232,"","Fist of Athena","銀色恐懼","","어젠트 피어","Athenes Faust"
1233,"","Dragonic Impact","龍魂衝擊","","드래고닉 임팩트","Drachen-Einschlag"
1234,"","Black Aura Blast","熾烈回馬槍","","에른스트 웰","Schwarze Aura-Explosion"
1235,"","Weltgeist","劍靈","","슈베르트 가이스트","Weltgeist"
1236,"","Great Tornado","神聖龍捲風","","브레이브 토네이도","Großer Tornado"
1237,"","Black Tornado","黑暗龍捲風","","블랙 토네이도","Schwarzer Tornado"
1238,"","Judecca Prison","猶大環監獄","","주데카 프리즌","Judecca-Gefängnis"
1239,"","Good Night Moon","晚安之月","","굿나잇 문","Guter Nachtmond"
1240,"","Bubbles","泡泡","","거품","Blasen"
1241,"","Bit Fire","位元火焰","","비트 파이어","Bit-Feuer"
1242,"","Little Horn","幼角","","리틀혼","Kleines Horn"
1243,"","Freeze Fang","冰結之牙","","프리즈팡","Eiszahn"
1244,"","Full Moon Kick","弦月彎刀","","가루 킥","Vollmondtritt"
1245,"","Shiny Ring","閃光環","","샤이니 링","Funkelnder Ring"
1246,"","Hyper Smell","超惡臭","","하이퍼 스멜","Hypergeruch"
1247,"","Frozen Claw","冰霜之爪","","프로스트 클로","Eiskralle"
3000,"","Wolkenapalm I","雲霧汽油彈Ⅰ","","볼케 네이팜Ⅰ","Napalmwolke I"
3001,"","Wolkenapalm II","雲霧汽油彈Ⅱ","","볼케 네이팜Ⅱ","Napalmwolke II"
3002,"","Wolkenapalm III","雲霧汽油彈Ⅲ","","볼케 네이팜Ⅲ","Napalmwolke III"
3003,"","Burst Flame I","爆裂火焰Ⅰ","","버스트 플레임Ⅰ","Flammen-Explosion I"
3004,"","Burst Flame II","爆裂火焰Ⅱ","","버스트 플레임Ⅱ","Flammen-Explosion II"
3005,"","Burst Flame III","爆裂火焰Ⅲ","","버스트 플레임Ⅲ","Flammen-Explosion III"
3006,"","Meteor Fall I","流星墜落Ⅰ","","메테오 폴Ⅰ","Meteorsturz I"
3007,"","Meteor Fall II","流星墜落Ⅱ","","메테오 폴Ⅱ","Meteorsturz II"
3008,"","Meteor Fall III","流星墜落Ⅲ","","메테오 폴Ⅲ","Meteorsturz III"
3009,"","Ice Archery I","寒冰之箭Ⅰ","","아이스 아처리Ⅰ","Eisbogenschießen I"
3010,"","Ice Archery II","寒冰之箭Ⅱ","","아이스 아처리Ⅱ","Eisbogenschießen II"
3011,"","Ice Archery III","寒冰之箭Ⅲ","","아이스 아처리Ⅲ","Eisbogenschießen III"
3012,"","Hydro Water I","發電水流Ⅰ","","하이드로 워터Ⅰ","Hydro-Wasser I"
3013,"","Hydro Water II","發電水流Ⅱ","","하이드로 워터Ⅱ","Hydro-Wasser II"
3014,"","Hydro Water III","發電水流Ⅲ","","하이드로 워터Ⅲ","Hydro-Wasser III"
3015,"","Ocean Wave I","大海波浪Ⅰ","","오션 웨이브Ⅰ","Meereswelle I"
3016,"","Ocean Wave II","大海波浪Ⅱ","","오션 웨이브Ⅱ","Meereswelle II"
3017,"","Ocean Wave III","大海波浪Ⅲ","","오션 웨이브Ⅲ","Meereswelle III"
3018,"","Crescent Leaf I","新月之葉Ⅰ","","크레센트 리프Ⅰ","Sichelblatt I"
3019,"","Crescent Leaf II","新月之葉Ⅱ","","크레센트 리프Ⅱ","Sichelblatt II"
3020,"","Crescent Leaf III","新月之葉Ⅲ","","크레센트 리프Ⅲ","Sichelblatt III"
3021,"","Gaia Element I","蓋亞元素Ⅰ","","가이아 엘리먼트Ⅰ","Gaia-Element I"
3022,"","Gaia Element II","蓋亞元素Ⅱ","","가이아 엘리먼트Ⅱ","Gaia-Element II"
3023,"","Gaia Element III","蓋亞元素Ⅲ","","가이아 엘리먼트Ⅲ","Gaia-Element III"
3024,"","Rune Forest I","符文之森Ⅰ","","룬 포레스트Ⅰ","Runenwald I"
3025,"","Rune Forest II","符文之森Ⅱ","","룬 포레스트Ⅱ","Runenwald II"
3026,"","Rune Forest III","符文之森Ⅲ","","룬 포레스트Ⅲ","Runenwald III"
3027,"","Nanomachine Break I","奈米機械破壞Ⅰ","","나노머신 브레이크Ⅰ","Nanomaschinenbruch I"
3028,"","Nanomachine Break II","奈米機械破壞Ⅱ","","나노머신 브레이크Ⅱ","Nanomaschinenbruch II"
3029,"","Nanomachine Break III","奈米機械破壞Ⅲ","","나노머신 브레이크Ⅲ","Nanomaschinenbruch III"
3030,"","Heaven's Thunder I","天國閃電Ⅰ","","헤븐즈 선더Ⅰ","Himmlischer Donner I"
3031,"","Heaven's Thunder II","天國閃電Ⅱ","","헤븐즈 선더Ⅱ","Himmlischer Donner II"
3032,"","Heaven's Thunder III","天國閃電Ⅲ","","헤븐즈 선더Ⅲ","Himmlischer Donner III"
3033,"","Thunder Fall I","閃電墜擊Ⅰ","","선더 폴Ⅰ","Donnerschlag I"
3034,"","Thunder Fall II","閃電墜擊Ⅱ","","선더 폴Ⅱ","Donnerschlag II"
3035,"","Thunder Fall III","閃電墜擊Ⅲ","","선더 폴Ⅲ","Donnerschlag III"
3036,"","Comet Hammer I","彗星重鎚Ⅰ","","코멧 해머Ⅰ","Kometenhammer I"
3037,"","Comet Hammer II","彗星重鎚Ⅱ","","코멧 해머Ⅱ","Kometenhammer II"
3038,"","Comet Hammer III","彗星重鎚Ⅲ","","코멧 해머Ⅲ","Kometenhammer III"
3039,"","Grand Rock I","雄偉巨石Ⅰ","","그랜드 록Ⅰ","Großer Fels I"
3040,"","Grand Rock II","雄偉巨石Ⅱ","","그랜드 록Ⅱ","Großer Fels II"
3041,"","Grand Rock III","雄偉巨石Ⅲ","","그랜드 록Ⅲ","Großer Fels III"
3042,"","Awesome Quake I","地牛翻身Ⅰ","","어스퀘이크Ⅰ","Gewaltiges Erdbeben I"
3043,"","Awesome Quake II","地牛翻身Ⅱ","","어스퀘이크Ⅱ","Gewaltiges Erdbeben II"
3044,"","Awesome Quake III","地牛翻身Ⅲ","","어스퀘이크Ⅲ","Gewaltiges Erdbeben III"
3045,"","Wind Claw I","烈風利爪Ⅰ","","윈드 클로Ⅰ","Windkralle I"
3046,"","Wind Claw II","烈風利爪Ⅱ","","윈드 클로Ⅱ","Windkralle II"
3047,"","Wind Claw III","烈風利爪Ⅲ","","윈드 클로Ⅲ","Windkralle III"
3048,"","Sonic Void I","音速空洞Ⅰ","","소닉 보이드Ⅰ","Absolute Stille I"
3049,"","Sonic Void II","音速空洞Ⅱ","","소닉 보이드Ⅱ","Absolute Stille II"
3050,"","Sonic Void III","音速空洞Ⅲ","","소닉 보이드Ⅲ","Absolute Stille III"
3051,"","Gale Storm I","狂風暴雨Ⅰ","","게일 스톰Ⅰ","Heftiger Sturm I"
3052,"","Gale Storm II","狂風暴雨Ⅱ","","게일 스톰Ⅱ","Heftiger Sturm II"
3053,"","Gale Storm III","狂風暴雨Ⅲ","","게일 스톰Ⅲ","Heftiger Sturm III"
3054,"","Saint Knuckle I","神聖鉤爪Ⅰ","","세인트 너클Ⅰ","Heiligenknöchel I"
3055,"","Saint Knuckle II","神聖鉤爪Ⅱ","","세인트 너클Ⅱ","Heiligenknöchel II"
3056,"","Saint Knuckle III","神聖鉤爪Ⅲ","","세인트 너클Ⅲ","Heiligenknöchel III"
3057,"","Holy Light I","神聖之光Ⅰ","","홀리 라이트Ⅰ","Heiliges Licht I"
3058,"","Holy Light II","神聖之光Ⅱ","","홀리 라이트Ⅱ","Heiliges Licht II"
3059,"","Holy Light III","神聖之光Ⅲ","","홀리 라이트Ⅲ","Heiliges Licht III"
3060,"","Shining Laser I","閃耀雷射Ⅰ","","샤인 레이저Ⅰ","Strahlender Laser I"
3061,"","Shining Laser II","閃耀雷射Ⅱ","","샤인 레이저Ⅱ","Strahlender Laser II"
3062,"","Shining Laser III","閃耀雷射Ⅲ","","샤인 레이저Ⅲ","Strahlender Laser III"
3063,"","Destruction Cannon I","破壞加農Ⅰ","","디스트로이 캐논Ⅰ","Zerstörungskanone I"
3064,"","Destruction Cannon II","破壞加農Ⅱ","","디스트로이 캐논Ⅱ","Zerstörungskanone II"
3065,"","Destruction Cannon III","破壞加農Ⅲ","","디스트로이 캐논Ⅲ","Zerstörungskanone III"
3066,"","Nightmare I","夢魘Ⅰ","","나이트메어Ⅰ","Albtraum I"
3067,"","Nightmare II","夢魘Ⅱ","","나이트메어Ⅱ","Albtraum II"
3068,"","Nightmare III","夢魘Ⅲ","","나이트메어Ⅲ","Albtraum III"
3069,"","Hell Crusher I","地獄粉碎Ⅰ","","헬 크러셔Ⅰ","Höllenzerstörer I"
3070,"","Hell Crusher II","地獄粉碎Ⅱ","","헬 크러셔Ⅱ","Höllenzerstörer II"
3071,"","Hell Crusher III","地獄粉碎Ⅲ","","헬 크러셔Ⅲ","Höllenzerstörer III"
3072,"","Heavy Strike I","重度強襲Ⅰ","","헤비 스트라이크Ⅰ","Schwerer Schlag I"
3073,"","Heavy Strike II","重度強襲Ⅱ","","헤비 스트라이크Ⅱ","Schwerer Schlag II"
3074,"","Heavy Strike III","重度強襲Ⅲ","","헤비 스트라이크Ⅲ","Schwerer Schlag III"
3075,"","Power Energy I","力量能源Ⅰ","","파워 에너지Ⅰ","Power-Energie I"
3076,"","Power Energy II","力量能源Ⅱ","","파워 에너지Ⅱ","Power-Energie II"
3077,"","Power Energy III","力量能源Ⅲ","","파워 에너지Ⅲ","Power-Energie III"
3078,"","Mach Rush I","馬赫突擊Ⅰ","","마하 러시Ⅰ","Machsturm I"
3079,"","Mach Rush II","馬赫突擊Ⅱ","","마하 러시Ⅱ","Machsturm II"
3080,"","Mach Rush III","馬赫突擊Ⅲ","","마하 러시Ⅲ","Machsturm III"
3081,"","Venom Trap","劇毒陷阱","","베놈트랩","Giftfalle"
3082,"","Panic Wisp","混亂鬼火","","패닉 위스프","Panikhauch"
3083,"","Ripping Net","麻痺電網","","찌릿찌릿 네트","Reißnetz"
3084,"","Idle Bubble","偶像泡沫","","아이돌 버블","Untätige Blase"
3085,"","Shock","暈眩衝擊","","쇼크","Schock"
3086,"","Texture Blow","結構痛擊","","텍스쳐 블로우","Texturschlag"
3087,"","Character Reversal","角色倒置","","캐릭터 리버스","Charakterwechsel"
3088,"","Destruction","死亡召喚","","디스트럭션","Zerstörung"
3089,"","Support End","輔助終結","","서포트 엔드","Unterstützungsende"
3090,"","Attack Charge","攻擊填充","","어택 차지","Angriffsladung"
3091,"","Guard Charge","守備填充","","가드 차지","Verteidigungsladung"
3092,"","Mental Charge","智能填充","","멘탈 차지","Geistladung"
3093,"","Speed Charge","速度填充","","스피드 차지","Geschwindigkeitsladung"
3094,"","Agility Charge","敏捷填充","","어질리티 차지","Beweglichkeitsladung"
3095,"","Critical Charge","爆擊填充","","크리티컬 차지","Kritische Ladung"
3096,"","Attack Break","攻擊破壞","","어택 브레이크","Ausweichangriff"
3097,"","Guard Break","守備破壞","","가드 브레이크","Verteidigungsbrecher"
3098,"","Mental Break","智能破壞","","멘탈 브레이크","Geistbrecher"
3099,"","Speed Break","速度破壞","","스피드 브레이크","Geschwindigkeitsbrecher"
3100,"","Attack Charge Field","攻擊填充力場","","어택 차지 필드","Angriffsladung (Feld)"
3101,"","Guard Charge Field","守備填充力場","","가드 차지 필드","Verteidigungsladung (F.)"
3102,"","Mental Charge Field","智能填充力場","","멘탈 차지 필드","Geistladung (Feld)"
3103,"","Speed Charge Field","速度填充力場","","스피드 차지 필드","Geschwind.-Ladung (F.)"
3104,"","Attack Break Field","攻擊破壞力場","","어택 브레이크 필드","Ausweichangriff (Feld)"
3105,"","Guard Break Field","守備破壞力場","","가드 브레이크 필드","Verteidigungsbrech. (F.)"
3106,"","Mental Break Field","智能破壞力場","","멘탈 브레이크 필드","Geistbrecher (Feld)"
3107,"","Speed Break Field","速度破壞力場","","스피드 브레이크 필드","Geschwind.-Brecher (F.)"
3108,"","Heal","治癒","","힐","Heilen"
3109,"","X-Heal","X治癒","","엑스 힐","X-Heilung"
3110,"","Final Heal","最終治癒","","파이널 힐","Letzte Heilung"
3111,"","Aura","靈氣","","오라","Aura"
3112,"","X-Aura","X靈氣","","엑스 오라","X-Aura"
3113,"","Final Aura","最終靈氣","","파이널 오라","Letzte Aura"
3114,"","Revive","復活","","리바이브","Wiederbeleben"
3115,"","Perfect Revival","完美復活","","퍼펙트 리바이브","Perfekte Wiederbelebung"
3116,"","Anti-Poison","反劇毒","","안티 포이즌","Anti-Gift"
3117,"","Anti-Paralysis","反麻痺","","안티 패럴라이즈","Anti-Lähmung"
3118,"","Anti-Sleep","反睡眠","","안티 슬립","Anti-Schlaf"
3119,"","Anti-Panic","反混亂","","안티 패닉","Anti-Panik"
3120,"","Anti-Stun","反暈眩","","안티 스턴","Anti-Betäubung"
3121,"","Antidote","反液晶化","","안티 도트","Gegenmittel"
3122,"","Anti-Bug","反Bug","","안티 버그","Anti-Fehler"
3123,"","Restore","回復","","리스토어","Wiederherstellen"
3124,"","Cross-Counter","交叉拳","","크로스 카운터","Cross-Counter"
3125,"","Mirror Reflection","反射鏡","","리플렉션 미러","Spiegelbild"
3127,"","Chain Plus","正極鎖鏈","","체인 플러스","Kette (Plus)"
3128,"","Chain Minus","負極鎖鏈","","체인 마이너스","Kette (Minus)"
3129,"","Chain Max","頂極鎖鏈","","체인 맥스","Kette (Maximal)"
3130,"","Chain Loss","遺失鎖鏈","","체인 로스트","Kettenverlust"
3131,"","Physical Drain","物理耗竭","","피지컬 드레인","Körperentzug"
3132,"","Spirit Drain","精神耗竭","","스피릿 드레인","Geistentzug"
3133,"","Status Barrier","狀態屏障","","스테이터스 배리어","Statusbarriere"
3134,"","Safety Guard","安全守護","","세이프티 가드","Schutzgitter"
3135,"","Acceleration Boost","加速增幅器","","액셀 부스터","Beschleunigungsschub"
3136,"","Escape Dash","疾速逃脫","","이스케이프 대시","Fluchtsprint"
3137,"","Hit Charge","命中填充","","히트 차지","Trefferladung"
3138,"","Dispel","驅散","","디스펠","Auflösen"
3500,"","Logon","鎖定","","록 온","Anmeldung"
3501,"","Overheat","過熱","","오버히트","Überhitzung"
3502,"","Shooting...","當機了……","","쇼트되어있다…","Schießt ..."
3503,"","Auto Repair","自動修復","","오토 리페어","Autoreparatur"
3504,"","Can you feel it?","懂我要表達什麼嗎？這種Feeling！","","전해져? 이 필링","Spürst du das?"
3505,"","Spirit Crash","精神粉碎","","스피릿 크래시","Geistiger Zusammenbruch"
3506,"","Sweat, beautiful sweat!","讓你流下美麗的汗水吧","","아름다운 땀, 흘려주도록 하지","Oh, herrlicher Schweiß!"
3507,"","Sweat, beautiful sweat!","讓你流下美麗的汗水吧","","아름다운 땀, 흘려주도록 하지","Oh, herrlicher Schweiß!"
3508,"","Sweat, beautiful sweat!","讓你流下美麗的汗水吧","","아름다운 땀, 흘려주도록 하지","Oh, herrlicher Schweiß!"
3509,"","Sweat, beautiful sweat!","讓你流下美麗的汗水吧","","아름다운 땀, 흘려주도록 하지","Oh, herrlicher Schweiß!"
3510,"","Sweat, beautiful sweat!","讓你流下美麗的汗水吧","","아름다운 땀, 흘려주도록 하지","Oh, herrlicher Schweiß!"
3511,"","Fool...","真是愚蠢啊……","","어리석군…","Narr ..."
3512,"","Hell Crusher II","地獄粉碎Ⅱ","","헬 크러셔Ⅱ","Höllenzerstörer II"
3513,"","Hell Crusher III","地獄粉碎Ⅲ","","헬 크러셔Ⅲ","Höllenzerstörer III"
3514,"","X-Heal","X治癒","","엑스 힐","X-Heilung"
3515,"","[f1あそぶ]","[f1あそぶ]","","[f1あそぶ]","[f1あそぶ]"
3516,"","[f1へんしん]","[f1へんしん]","","[f1へんしん]","[f1へんしん]"
3517,"","[f1なおす]","[f1なおす]","","[f1なおす]","[f1なおす]"
3518,"","[f1もどす]","[f1もどす]","","[f1もどす]","[f1もどす]"
3519,"","Observing...","觀察中……","","관찰하고 있다…","Beobachtet ..."
3520,"","Texture Field","結構力場","","텍스쳐 필드","Texturfeld"
3521,"","Life Drain","生命耗竭","","라이프 드레인","Lebensentzug"
3522,"","Magic Binge!","魔力同時解放！","","마력 일제해방!","Magisches Gelage!"
3523,"","I will eat you up!","我就接下你的攻擊吧","","맞아주지","Ich fress dich auf!"
3524,"","Come whenever!","隨時都可以來……","","언제든 덤벼봐…","Kannst jederzeit kommen!"
3525,"","Do you want to play?","一起玩耍吧？","","놀아보자구?","Möchtest du spielen?"
3526,"","You seem down.","心情很平靜……","","감정이 식은 것 같다…","Du wirkst betrübt."
3527,"","Feeding Frenzy","狂宴","","광연","Fressrausch"
3528,"","Temptation","誘惑","","유혹","Versuchung"
3529,"","Plaything","玩弄","","노리개","Spielzeug"
3530,"","Belphemon is sleeping...","貝爾菲獸正在沉睡中……","","벨페몬은 잠들어있다…","Belphemon schläft ..."
3531,"","Lightweight","輕量化","","경량화","Leichtgewicht"
3532,"","Battle","開戰","","개전","Kampf"
3533,"","Breathing is labored...","氣喘吁吁……","","숨이 거칠어져있다…","Atmet schwer ..."
3534,"","Ambrose of Demise","終焉的安布羅修斯","","종언의 암브로시우스","Nektar des Untergangs"
3535,"","Caledfwlch Rage","卡里德福洛斯的激昂","","칼라드볼그의 격앙","Caledfwlch-Wut"
3536,"","Playtime is over!","遊戲就到此為止","","놀이는 여기까지야","Ende der Spielzeit!"
3537,"","Caledfwlch Rage","卡里德福洛斯的激昂","","칼라드볼그의 격앙","Caledfwlch-Wut"
3538,"","Assault Stance","突擊態勢","","돌격 태세","Angriffshaltung"
3539,"","Guard Stance","守備態勢","","수비 태세","Deckungshaltung"
3540,"","Destabilizing Stance","攪亂態勢","","교란 태세","Destabil. Haltung"
3541,"","Assault Stance","突擊態勢","","돌격 태세","Angriffshaltung"
3542,"","Guard Stance","守備態勢","","수비 태세","Deckungshaltung"
3543,"","Destabilizing Stance","攪亂態勢","","교란 태세","Destabil. Haltung"
3544,"","Not here...","跟不上……","","따라올 수 없을 거다…","Nicht da ..."
3545,"","Show me your strength.","讓我見識你們的力量吧","","너희들의 힘을 보여봐라","Zeig mir deine Kraft."
3546,"","It's hot!","好溫暖呀！","","미적지근하군!","Das ist heiß!"
3547,"","Power Lust","力量的渴望","","힘의 갈망","Machtlust"
3548,"","Power Impulse","力量的衝動","","힘의 충동","Machtimpuls"
3549,"","Power Runaway","力量的失控","","힘의 폭주","Machtflucht"
3550,"","Tranquility","鎮靜","","진정","Gelassenheit"
3551,"","Gallantmon's Inheritance","繼承紅蓮騎士獸之力","","듀크몬의 힘을 계승","Gallantmons Erbe"
3552,"","Omnimon's Inheritance","繼承奧米加獸之力","","오메가몬의 힘을 계승","Omnimons Erbe"
3553,"","Gallantmon's Inheritance","繼承紅蓮騎士獸之力","","듀크몬의 힘을 계승","Gallantmons Erbe"
3554,"","Alphamon's Inheritance","繼承阿爾法獸之力","","알파몬의 힘을 계승","Alphamons Erbe"
3555,"","Final Holy Knight","最後的聖騎士","","최후의 성기사","Letzter heiliger Ritter"
3556,"","Omnimon's Inheritance","繼承奧米加獸之力","","오메가몬의 힘을 계승","Omnimons Erbe"
3557,"","Alphamon's Inheritance","繼承阿爾法獸之力","","알파몬의 힘을 계승","Alphamons Erbe"
3558,"","Ephemeral Humming Bird","苦戀的蜂鳥","","애달픈 허밍 버드","Kurzlebiger Kolibri"
3559,"","Start charging!","開始填充！","","차지 개시!","Stürm drauf los!"
3560,"","Lost balance!","失去平衡！","","자세를 무너뜨렸다!","Aus dem Gleichgewicht!"
3561,"","Regained balance!","調整戰鬥姿勢","","자세를 바로잡았다","Wieder im Gleichgewicht!"
3562,"","Lost balance!","失去平衡！","","자세를 무너뜨렸다!","Aus dem Gleichgewicht!"
3563,"","Regained balance!","調整戰鬥姿勢","","자세를 바로잡았다","Wieder im Gleichgewicht!"
3564,"","Arrogant...","頭抬得太高了……","","건방져…","Arrogant ..."
3565,"","Do your best, Omnimon!","加油，奧米加獸！","","힘내, 오메가몬!","Gib alles, Omnimon!"
3566,"","Crazed Meteor Fall","狂亂的流星墜落","","광란의 메테오 폴","Verrückter Meteorsturz"
3567,"","Requiem Ocean Wave","鎮魂的大海波浪","","진혼의 오션 웨이브","Requiems-Meereswelle"
3568,"","Violated Rune Forest","侵食的符文之森","","침식의 룬 포레스트","Geschändeter Runenwald"
3569,"","Crucified Thunder Fall","磔刑的閃電墜擊","","책형의 선더 폴","Kreuz-Donnerschlag"
3570,"","Blackout Awesome Quake","昏倒的地牛翻身","","혼란의 어스퀘이크","Gewaltiges Dunkelbeben"
3571,"","Purging Gale Storm","肅清的狂風暴雨","","숙청의 게일 스톰","Reinigender Sturm"
3572,"","Regression Shining Laser","逆行的閃耀雷射","","소행의 샤인 레이저","Strahlender Re-Laser"
3573,"","Condemning Hell Crusher","定罪的地獄粉碎","","단죄의 헬 크러셔","Höllenzerstörer-Urteil"
3574,"","Banishing Mach Rush","放逐的馬赫突擊","","추방의 마하 러시","Verbannender Machsturm"
3575,"","Power Sacrifice","犧牲力量","","파워 새크리파이스","Kraftopfer"
3576,"","Magic Sacrifice","犧牲魔法","","매직 새크리파이스","Magisches Opfer"
3577,"","Falling Bloom","散花","","산화","Fallende Blüten"
3578,"","Final Blow","最後的一擊","","최후의 일격","Todesstoß"
3579,"","I'm mad!","發怒！","","분노하고 있다!","Ich bin sauer!"
3580,"","I'm really mad!","震怒！","","격노하고 있다!","Ich bin echt sauer!"
3581,"","I'm really, really mad!","勃然大怒！","","대진노하고 있다!","Ich bin echt stinksauer!"
3582,"","I am worried...","很在意咬合……","","맞물림에 주의하고 있다…","Ich bin besorgt ..."
3583,"","Resting...","讓下巴休息……","","턱을 멈추고 있다…","Rastet ..."
3584,"","Starting up again...","再次開始活動……","","활동을 재개할 것 같다…","Neustart ..."
3585,"","5...","5…","","5...","5 ..."
3586,"","4...","4…","","4...","4 ..."
3587,"","3...","3…","","3...","3 ..."
3588,"","2...","2…","","2...","2 ..."
3589,"","1...","1…","","1...","1 ..."
3590,"","Let's end this...","……結束這一切吧","","…끝내도록 하자","Bringen wir’s zu Ende."
3591,"","See y'all later!","再見了","","그럼, 안녕히","Bis später!"
3592,"","Entering is forbidden...","嚴禁深入探究喲……","","깊이 파고드는건 금물입니다…","Zutritt verboten ..."
3593,"","Resentment","激怒","","격분","Feindseligkeit"
3594,"","Resentment -Serious-","激怒　－特大－","","격분 -심대-","Feindseligkeit -stark-"
3595,"","Resentment -Extreme-","激怒　－極點－","","격분 -극점-","Feindseligkeit -extrem-"
3596,"","Sleep Status","休眠狀態","","휴식상태","Schlafstatus"
3597,"","Hinukamuy HQ","火神神威的本領","","히누카무이의 본령","Hinukamuy-HQ"
3598,"","At Rene Pol Relief","阿托、盧內、波爾的救援","","아트 르네 포르의 구원","Am Rene-Pol-Relief"
3599,"","Full Moon","滿月","","만월","Vollmond"
3600,"","New Moon","新月","","신월","Neumond"
3601,"","Moon Blessing","月亮的恩惠","","달의 은총","Segen des Mondes"
3602,"","Analysis Complete","分析完畢","","분석완료","Analyse abgeschlossen"
3603,"","Analysis Complete","分析完畢","","분석완료","Analyse abgeschlossen"
3604,"","Analysis Complete","分析完畢","","분석완료","Analyse abgeschlossen"
3605,"","Analysis Complete","分析完畢","","분석완료","Analyse abgeschlossen"
3606,"","Duel","決鬥","","결투","Duell"
3607,"","Break my illusion!","擊敗我的幻影吧","","나의 환영을 쓰러뜨려라","Zerstöre meine Illusion!"
3608,"","Show me your power.","展現你的力量吧","","힘을 보여봐라","Zeig mir deine Macht."
3609,"","The forefathers' sword?","能夠抵擋那把劍的攻擊嗎","","시조의 검, 받아보겠나","Das Ahnenschwert?"
3610,"","Amazing...","……了不起","","…훌륭하다","Unglaublich ..."
3611,"","I will nullify all attacks!","所有的攻擊都將無效化！","","모든 공격이 무효화된다!","Kein Angriff kann durch!"
3612,"","Loss of Power","力量的消失","","힘의 소실","Kraftverlust"
3613,"","All power is lost.","所有力量的消失","","모든 힘을 소실","Alle Kraft ist verloren."
3614,"","Silence","沉默","","침묵","Stille"
3615,"","End Times","最終時刻","","종말의 조각","Endzeit"
3616,"","I will eradicate you...","將我斬草除根……","","뿌리째 뽑아주지…","Ich vernichte dich ..."
3617,"","Ruinous Destruction","破滅的死亡召喚","","파멸의 디스트럭션","Verderbliche Zerstörung"
3618,"","I'm delighted!","開心！","","기뻐하고 있다!","Ich bin entzückt!"
3619,"","I'm angry!","生氣！！","","분노하고 있다!","Ich bin sauer!"
3620,"","I'm sad!","哀傷……","","슬퍼하고 있다…","Ich bin traurig!"
3621,"","I'm happy!","快樂♪","","즐거워하고 있다♪","Ich bin glücklich!"
3622,"","Observing...","正在靜觀四周……","","관망하고 있다…","Beobachtet ..."
3623,"","Operation","操作","","오퍼레이션","Ausführung"
3624,"","Upgrade","版本升級","","버전 업","Verbesserung"
3625,"","Build Arm","梁柱","","빌드 암","Waffe bauen"
3626,"","Clap Hand","拍手","","크랩 핸드","Klatschen"
3627,"","Stop","暫停","","스톱","Anhalten"
3628,"","Restart","重新開始","","리스타트","Neustart"
3629,"","Stop","暫停","","스톱","Anhalten"
3630,"","Restart","重新開始","","리스타트","Neustart"
3631,"","Reverse Field","顛倒力場","","리버스 필드","Feld umkehren"
3632,"","Connect Chain","登入連鎖","","커넥트 체인","Kette verbinden"
3633,"","Chaos Power Absorb","吸收混沌之力","","혼돈의 힘을 흡수","Chaoskraft absorbieren"
3634,"","Holy Knight Power Absorb","吸收聖騎士之力","","성기사의 힘을 흡수","Ritterkraft absorbieren"
3635,"","Data is converging!","資料正在聚集！","","데이터가 모여간다!","Daten konvergieren!"
3636,"","Data is converging!","資料正在聚集！","","데이터가 모여간다!","Daten konvergieren!"
3637,"","Undo","取消","","취소","Rückgängig machen"
3638,"","Repair","修復","","리페어","Reparieren"
3639,"","Life Drain","生命耗竭","","라이프 드레인","Lebensentzug"
3640,"","Attack Charge Field","攻擊填充力場","","어택 차지 필드","Angriffsladung (Feld)"
3641,"","Guard Charge Field","守備填充力場","","가드 차지 필드","Verteidigungsladung (F.)"
3642,"","Mental Charge Field","智能填充力場","","멘탈 차지 필드","Geistladung (Feld)"
3643,"","Speed Charge Field","速度填充力場","","스피드 차지 필드","Geschwind.-Ladung (F.)"
4000,"","HP Capsule C","HP膠囊C","","HP캡슐 C","TP-Kapsel C"
4001,"","HP Capsule B","HP膠囊B","","HP캡슐 B","TP-Kapsel B"
4002,"","HP Capsule A","HP膠囊A","","HP캡슐 A","TP-Kapsel A"
4003,"","HP Spray C","HP噴霧C","","HP스프레이 C","TP-Spray C"
4004,"","HP Spray B","HP噴霧B","","HP스프레이 B","TP-Spray B"
4005,"","HP Spray A","HP噴霧A","","HP스프레이 A","TP-Spray A"
4006,"","SP Capsule C","SP膠囊C","","SP캡슐 C","SP-Kapsel C"
4007,"","SP Capsule B","SP膠囊B","","SP캡슐 B","SP-Kapsel B"
4008,"","SP Capsule A","SP膠囊A","","SP캡슐 A","SP-Kapsel A"
4009,"","SP Spray B","SP噴霧B","","SP스프레이 B","SP-Spray B"
4010,"","SP Spray A","SP噴霧A","","SP스프레이 A","SP-Spray A"
4011,"","Medical Spray","醫療噴霧","","메디컬 스프레이","Medizinisches Spray"
4012,"","Medical Spray DX","醫療噴霧DX","","메디컬 스프레이 DX","Medizinisches Spray DX"
4013,"","Poison Recovery","劇毒復原","","포이즌 리커버리","Giftheilung"
4014,"","Panic Recovery","混亂復原","","패닉 리커버리","Panikheilung"
4015,"","Paralysis Recovery","麻痺復原","","패럴라이즈 리커버리","Lähmungsheilung"
4016,"","Sleep Recovery","睡眠復原","","슬립 리커버리","Schlafheilung"
4017,"","Stun Recovery","暈眩復原","","스턴 리커버리","Betäubungsheilung"
4018,"","Sprite Recovery","液晶化復原","","도트 리커버리","Sprite-Heilung"
4019,"","Bug Recovery","Bug復原","","버그 리커버리","Fehlerheilung"
4020,"","Multi-Recovery","萬能復原","","멀티 리커버리","Multiheilung"
4021,"","Multi-Recovery DX","萬能復原DX","","멀티 리커버리 DX","Multiheilung DX"
4022,"","Revival Capsule","復活膠囊","","리바이브 리커버리","Wiederbelebungskapsel"
4023,"","Revival Capsule DX","復活膠囊DX","","리바이브 리커버리 DX","Wiederbelebungskapsel DX"
4024,"","Full Revival Spray","完全復活噴霧","","풀 리바이브 스프레이","Komplette Wiederbelebungs-Spray"
4025,"","ATK Boost","ATK增幅器","","ATK 부스트","ANG-Boost"
4026,"","DEF Boost","DEF增幅器","","DEF 부스트","VER-Boost"
4027,"","INT Boost","INT增幅器","","INT 부스트","INT-Boost"
4028,"","SPD Boost","SPD增幅器","","SPD 부스트","GES-Boost"
4029,"","HIT Boost","HIT增幅器","","HIT 부스트","TRE-Boost"
4030,"","AGL Boost","AGL增幅器","","AGL 부스트","GEW-Boost"
4031,"","CRT Boost","CRT增幅器","","CRT 부스트","KRT-Boost"
4032,"","Escape Gate","ESCAPE GATE","","이스케이프 게이트","Fluchttor"
5000,"","Attack","攻擊","","공격","Angriff"
6000,"","Huge Crystal","巨大的水晶","","거대한 크리스탈","Großer Kristall"
6001,"","Erode Terminal","侵食裝置","","에로드 디바이스","Terminal zerfressen"
6002,"","Melt Processor","熔解處理裝置","","멜트 프로세서","Prozessor schmelzen"
6003,"","Memory Divide","記憶切割","","메모리 디바이드","Speichertrennung"
6004,"","Mastermind Port","密謀者通訊埠","","마스터 마인드 포트","Superhirnanschluss"
6005,"","Interrupt Handler","中斷處理程序","","인터럽트 핸들러","Handler stören"
6006,"","Tyrant Cluster","暴君群集","","클러스터 오브 타이런트","Tyrannen-Cluster"
6007,"","Vanquish Drive","征服驅動器","","뱅퀴시 드라이브","Laufwerk bezwingen"
6008,"","World Restart","世界重新啟動","","월드 리스타트","Welt neustarten"
6009,"","Inspect Handler","開端處理程序","","인셉트 핸들러","Anwender inspizieren"
6010,"","Pendragon's Glory","大龍頭之光榮","","펜드래건즈 글로리","Pendragons Ruhm"
6011,"","Pandora Dialogue","潘朵拉對話","","판도라 다이얼로그","Pandora-Dialog"
6012,"","Dragonic Impact","龍魂衝擊","","드래고닉 임팩트","Drachen-Einschlag"
6013,"","Erode Terminal","侵食裝置","","에로드 디바이스","Terminal zerfressen"
6014,"","Melt Processor","熔解處理裝置","","멜트 프로세서","Prozessor schmelzen"
6015,"","Spiral Masquerade","螺旋假面舞蹈會","","스파이럴 마스커레이드","Spiral-Maskerade"
6016,"","Fist of Athena","銀色恐懼","","어젠트 피어","Athenes Faust"
6017,"","Huge Crystal","巨大的水晶","","거대한 크리스탈","Großer Kristall"
6018,"","Huge Crystal","巨大的水晶","","거대한 크리스탈","Großer Kristall"
6019,"","Huge Crystal","巨大的水晶","","거대한 크리스탈","Großer Kristall"
6020,"","Wyvern's Breath","飛龍之息","","브레스 오브 와이번","Lindwurmodem"
6021,"","Dragon's Roar","龍之怒吼","","드래곤즈 로어","Drachengebrüll"
6022,"","Pandemonium Lost","群魔殿迷失","","판데모니엄 로스트","Verlorenes Pandämonium"
6023,"","Pandemonium Lost","群魔殿迷失","","판데모니엄 로스트","Verlorenes Pandämonium"
6024,"","Mach Stinger V","馬赫刺針V","","마하스팅거V","Machstich V"
6025,"","Pendragon's Glory","大龍頭之光榮","","펜드래건즈 글로리","Pendragons Ruhm"
6026,"","Dragonic Impact","龍魂衝擊","","드래고닉 임팩트","Drachen-Einschlag"
6027,"","Flashy Boss Punch","閃光番長拳","","플래시 반쵸 펀치","Glitzernder Bossschlag"
6028,"","Flashy Boss Punch","閃光番長拳","","플래시 반쵸 펀치","Glitzernder Bossschlag"
6029,"","Transcendent Sword","暴龍颶風劍","","그레이 소드","Graues Schwert"
6030,"","The Ray of Victory","閃光V字斬","","샤이닝V포스","Strahl des Sieges"
6031,"","Waltz's End","終結華爾茲","","엔드 왈츠","Ende des Walzers"
6032,"","Will-O'-Wisp Slash","燐火斬","","임화참","Irrwisch-Schlag"
6033,"","Flame Inferno","火焰地獄","","플레임 인페르노","Flammendes Inferno"
6034,"","Flame Inferno","火焰地獄","","플레임 인페르노","Flammendes Inferno"
6035,"","Flame Inferno","火焰地獄","","플레임 인페르노","Flammendes Inferno"
6036,"","Biting Crush","魔顎","","로스트룸","Beißendes Zermalmen"
6037,"","Double Impact","雙重衝擊","","더블 임팩트","Doppelter Einschlag"
6038,"","Quake!Blast!Fire!Father!","地神！神鳴！神馳！親父！","","지신! 신명! 신치! 친부!","Beben!Expl.!Feuer!Vater!"
6039,"","Judgement of the Blade","轍劍制裁","","철검성패","Klingenurteil"
6040,"","Omni Sword","奧米加之劍","","오메가 블레이드","Omnischwert"
6041,"","Hearts Attack","愛心一擊","","러블리 어택","Liebesattacke"
6042,"","Supreme Cannon","加魯魯加農炮","","가루루 캐논","Überlegene Kanone"
6043,"","Demonic Disaster","惡魔災難","","데몬즈 디자스터","Dämonisches Unheil"
6044,"","Catastrophe Cannon","大災難","","카타스트로피 캐논","Katastrophenkanone"
6045,"","Cold Flame","寒冷火花","","콜드 플레임","Kalte Flamme"
6046,"","Tomahawk Stinger","戰斧斯坦納","","토마호크 슈타이너","Tomahawk-Stich"
6047,"","Berserk Sword","狂暴大劍","","베르세르크 소드","Berserkerschwert"
6048,"","Phantom Pain","幻影苦痛","","팬텀 페인","Phantomschmerz"
6049,"","Gift of Darkness","暗黑天賦","","기프트 오브 다크네스","Gabe der Dunkelheit"
8000,"","Physical Damage","物理傷害","","물리 대미지","Physischer Schaden"
8001,"","Magic Damage","魔法傷害","","마법 대미지","Magischer Schaden"
8002,"","DEF-Immune Damage","無視DEF傷害","","방어무시 대미지","VER-unabhängiger Schaden"
8003,"","INT-Immune Damage","無視INT傷害","","지력무시 대미지","INT-unabhängiger Schaden"
8004,"","HP % Damage","HP比例傷害","","HP비율 대미지","Schaden – TP %"
8005,"","SP % Damage","SP比例傷害","","SP비율 대미지","Schaden – SP %"
8006,"","Fixed Damage","固定傷害","","고정 대미지","Festgelegter Schaden"
8007,"","HP Recovery","HP回復","","HP회복","TP-Heilung"
8008,"","HP % Recovery","HP比例回復","","HP비율회복","Heilung – TP %"
8009,"","SP % Recovery","SP比例回復","","SP비율회복","Heilung – SP %"
8010,"","HP/SP % Recovery","HP、SP比例回復","","HP/SP비율회복","Heilung – TP/SP %"
8011,"","Fixed HP Recovery","HP固定回復","","HP고정회복","Heilung – festgelegte TP"
8012,"","Fixed SP Recovery","SP固定回復","","SP고정회복","Heilung – festgelegte SP"
8013,"","Revival","復活","","부활","Wiederbelebung"
8014,"","Force HP 1","HP強制為1","","강제HP1","1 TP erzwingen"
8015,"","Debug: Destroy All Foes","殲滅敵方全體（除錯專用）","","적 전원 섬멸(디버깅용)","Debug: alle Gegner töten"
8016,"","Debug: All Foe Debuffs","敵方全體陷入異常狀態（除錯專用）","","적 전원 상태이상(디버깅용)","Debug: Gegner-Debuffs"
8017,"","Debug: All Foes Dead","敵方全體立即死亡（除錯專用）","","적 전원 즉사(디버깅용)","Debug: alle Gegner tot"
8018,"","Debug: Kill Ally","殺害我方（除錯專用）","","아군 죽음(디버깅용)","Debug: Verbündeten töten"
8019,"","Debug: CRT Single Atk 1","CRT單體攻擊1（除錯專用）","","CRT단체공격1(디버깅용)","Debug: KRT ein Angr. 1"
8020,"","Debug: CRT All Atk 2","CRT全體攻擊2（除錯專用）","","CRT집단공격2(디버깅용)","Debug: KRT alle Angr. 2"
1248,"","Lightning Spear","紫電長矛","","라이트닝 스피어","Blitzlanze"
1249,"","Corona Destroyer","混沌烈焰","","카오스 플레어","Todeskranz"
1250,"","Dark Roar","黑暗咆嘯","","다크로어","Dunkelschrei"
1251,"","Bantyo Blade","霸王兩斷劍","","패왕양단검","Bantyo-Klinge"
1252,"","Dark Prominence","黑暗陽焰","","다크 프로미넨스","Dunkle Präsenz"
1253,"","Fenrir Sword","芬里爾之劍","","펜릴 소드","Fenrir-Schwert"
1254,"","Final Shining Burst","終極閃爍爆裂","","F샤이닝 버스트","Letzter Lichtstoß"
1255,"","Full Moon Meteor Impact","滿月隕石衝擊","","풀문 메테오 임팩트","Vollmond-Meteoreinschlag"
1256,"","Mourning Dance","怒濤闇供喪之舞","","노도암공상지무","Trauertanz"
1257,"","Aguichant Lèvres","誘惑之唇","","아기상 레이블","Lèvres Aguichantes"
1258,"","Data Drain","數據消耗","","데이터 드레인","Datenentzug"
1259,"","Soul Absorption","靈魂吸取","","소울 앱소프션","Seelenabsorption"
1260,"","Eye of Nightmares","惡夢之眼","","아이 오브 나이트메어","Albtraum-Auge"
1261,"","Gear Stinger","齒輪刺針","","기어 스팅거","Zahnradstich"
1262,"","Knuckle Beater","沖擊重拳","","비트 너클","Knöchelschlag"
1263,"","Tearing Shot","淚珠射擊","","티어 슛","Reißschuss"
1264,"","Pyro Punch","火龍烈焰拳","","버닝 샐러맨더","Pyroschlag"
1265,"","Prison Fist","監禁之拳","","프리즌 피스트","Gefängnisfaust"
1266,"","Zwei Sieger","雙重勝利者","","츠바이 지거","Zwei Sieger"
1267,"","Spinning Needle","旋針","","스피닝 니들","Drehende Nadel"
1268,"","Crimson Curse","緋紅詛咒","","커스 크림슨","Purpur-Fluch"
1269,"","Sticker Blade","貫穿刀刃","","스티커 블레이드","Klebrige Klinge"
1270,"","Fossil Bite","多變奪命鏢","","배리어블 다츠","Fossilienbiss"
1271,"","Fang Strike","強襲獠牙","","스트라이크 팽","Zahnangriff"
1272,"","Fif Cross","五連十字","","피프크로스","Kreuzkratzer"
1273,"","Volcanic Strike","火山強擊","","볼케이노 스트라이크","Vulkanangriff"
1274,"","Ambush Crunch","金屬沖擊","","앰부쉬 크런치","Hinterhalt-Presse"
1275,"","Sludge","爛泥","","오물","Matsch"
1276,"","Moon Night Bomb","月夜水彈","","문나이트 붐","Mondnacht-Bombe"
1277,"","Dot Matrix","點之矩陣","","도트 매트릭스","Pixel-Matrix"
1278,"","Corona Blaster","炎龍掃射","","코로나 블래스터","Blasterkranz"
1279,"","Speed Star","流星快刀斬","","스피드 스타","Geschwindigkeitsstern"
1280,"","Miracle Bomb","幻影炸彈","","미라클 봄","Wunderbombe"
1281,"","Cross Blade","十字利刃","","크로스 블레이드","Kreuzklinge"
1282,"","Lunatic Dance","月亮瞬舞","","루나틱 댄스","Verrückter Tanz"
1283,"","Nail Bone","闇墮骨爪","","네일 본","Nagelknochen"
1284,"","Trident Saber","三叉劍戟","","트라이던트 세이버","Dreizack-Degen"
1285,"","Forbidden Trident","禁忌三叉戟","","포비든 트라이던트","Verbotener Dreizack"
1286,"","Hell Masquerade","地獄舞蹈","","헬 매스커레이드","Höllenmaskerade"
1287,"","Tri-Horn Attack","三角突擊","","트라이호른 어택","Drei-Hörner-Angriff"
1288,"","Heat Wave","高熱波","","히트 웨이브","Hitzewelle"
1289,"","Big Bang Voice","聲波大CRT","","빅뱅 보이스","Urknall-Stimme"
1290,"","Earth-Shattering Stomp","蝶絕喇叭蹴","","접절나팔축","Erschütterndes Stampfen"
1291,"","Dot Matrix","點之矩陣","","도트 매트릭스","Pixel-Matrix"
1292,"","Exile Spear","流亡長矛","","이그자일 스피어","Exilspeer"
1293,"","Aurora Undulation ","極光波動","","오로라 언듈레이션","Aurora-Schwankung "
1294,"","Firedrake Strike","炎龍擊","","염룡격","Feuerdrachenschlag"
1295,"","Crystal Revolution","水晶革命","","크리스탈 레볼루션","Kristallrevolution"
1296,"","Supersonic Voice","超音波之聲","","슈퍼 소닉 보이스","Überschallstimme"
1297,"","God Flame","神之烈焰","","갓 플레임","Gottesflamme"
1298,"","Shine of Bee","蟲之爆閃","","샤인 오브 비","Bienenglanz"
1299,"","Invincible Sword","無敵聖劍","","인빈시블 소드","Unbesiegbares Schwert"
1300,"","Quo Vadis","Quo Vadis","","쿠오 바디스","Quo vadis"
1301,"","Brave Metal","勇者金徽","","브레이브 메탈","Mutmetall"
1302,"","Vortex Penetration","渦流貫刺","","볼텍스 페니트레이트","Wirbel-Durchbruch"
1303,"","Volcanic Driver","火山驅動技","","볼케닉 드라이버","Vulkantreiber"
1304,"","Machinegun Destroyer","破壞機關槍","","머신건 디스트로이","Maschinengewehrzerstörer"
1305,"","Megiddo Flame","滅世烈焰","","메기도 플레임","Megiddo-Flamme"
1306,"","Thousand Fists","千打重擊","","사운전드 피스트","Tausend Fäuste"
1307,"","Black Rain","黑雨","","블랙 레인","Schwarzer Regen"
1308,"","Ultimate Flare","終極爆炎炮","","얼티밋 플레어","Ultimative Fackel"
1309,"","God Matrix","神之矩陣","","갓 매트릭스","Gottesmatrix"
1310,"","Dystopia Lances","幻滅長矛","","디스토피아 랜스즈","Dystopische Lanzen"
1311,"","Aurora Blaster","極光衝彈","","오로라 블래스터","Aurora-Blaster"
1312,"","Celestial Blade","天羽羽斬","","천우우참","Himmelsklinge"
1313,"","Heaven's Thunder","八雷神","","팔뢰신","Himmlischer Donner"
1314,"","Baby Breath","幼龍吐息","","베이비 브레스","Babyatem"
1315,"","Fungus Crusher","劇毒超蘑菇","","포이즌 스매쉬","Pilzzerstörer"
1316,"","Iceball Bomb","冰球炸彈","","아이스볼 붐","Eisballbombe"
1317,"","D-Grenade","毀滅榴彈炮","","D그레네이드","Granate"
1318,"","Blue Flare Breath","青焰吐息","","블루 플레어 브레스","Blauer Flammen-Atem"
1319,"","Green Flare Breath","綠焰吐息","","그린 플레어 브레스","Grüner Flammen-Atem"
1320,"","Great Weight","巨重拳","","그레이트 웨이트","Schwergewicht"
1321,"","Holy Shot","神聖射擊","","홀리샷","Heiliger Schuss"
1322,"","Blaze Sonic Breath","超音熾熱息","","블레이즈 소닉 브레스","Brand-Schall-Atem"
1323,"","Scrapless Claw","粉碎鐵屑拳","","스크랩레스 클로","Widerstandsfähige Klaue"
1324,"","Animal Nail","動物爪子","","애니멀 네일","Tiernagel"
1325,"","Soul Chopper","靈魂捕食者","","소울 쵸퍼","Seelenzerhacker"
1326,"","Hyper Infinity Cannon","高能無限加農炮","","하이퍼 무한 캐논","Unendliche Hyperkanone"
1327,"","Destroyed Hook","終極毀滅炮","","디스트로이어드 훅","Zerstörter Haken"
1328,"","Monkey Wrench","耍猴戲","","원숭이 연극","Affenspiel"
1329,"","Divine Dragon Slash","天龍斬破","","천룡참파","Göttlicher-Drachenschlag"
1330,"","Destroyed Rush","毀滅衝刺","","디스트로이드 러시","Zerstörter Sturm"
1331,"","Ultimate Ouryuken","究極戰刃王龍劍","","궁극전인왕룡검","Ultimatives Ouryuken"
1332,"","Miracle Bomb","奇蹟炸彈","","미라클 봄","Wunderbombe"
1333,"","Mickey Bullet","米奇強擊","Silent Bullet","실버 블릿","Flüsterkugel"
1334,"","Bless Fire","神祐火槍","Fury Fire","퓨리 파이어","Wutfeuer"
1335,"","Divine Pierce","神裁穿刺","","디바인 피어스","Göttlicher Stich"
1336,"","Protect Wave","防護波","","프로텍트 웨이브","Schutzwelle"
1337,"","Divine Pierce (Awake)","神裁穿刺（覺醒）","","디바인 피어스(각성)","Göttlicher Stich (Erw.)"
1338,"","Protect Wave (Awake)","防護波（覺醒）","","프로텍트 웨이브(각성)","Schutzwelle (Erw.)"
1339,"","Mickey Bullet (Awake)","米奇強擊（覺醒）","Silent Bullet (Awake)","실버 블릿(각성)","Flüsterkugel (Erw.)"
1340,"","Bless Fire (Awake)","神祐火槍（覺醒）","Fury Fire (Awake)","퓨리 파이어(각성)","Wutfeuer (Erw.)"
1341,"","Fiery Fastball","熱情搖滾魂","","록 혼","Feuriger Schnellball"
1342,"","Hard Rock Spirit","嗨爆搖滾魂","","하드록 혼","Hard-Rock-Geist"
1343,"","Flame Cannon","重金屬火神炮","","헤비메탈 발칸","Flammenkanone"
1344,"","Transcendent Sword","暴龍劍","","그레이 소드","Graues Schwert"
1345,"","Supreme Cannon","加魯魯加農炮","","가루루 캐논","Überlegene Kanone"
1346,"","Infinity Dream","無限之夢","","인피니티 드림","Unendlichkeitstraum"
1347,"","Infinity Dream","無限之夢","","인피니티 드림","Unendlichkeitstraum"
1348,"","Twenty Dive","二十連俯衝","","트웬티 다이브","Zwanziger-Tauchgang"
1349,"","Vantheon","旋斬尾刃","","밴션","Vantheon"
1350,"","Blinded","調和","","브링 데드","Geblendet"
1351,"","Zwei Glänze","雙重境界","","츠바이 그렌체","Zwei Glänze"
1352,"","Starlight Velocity","星光閃速","","스타라이트 베로시티","Sternenlichtverwirbelung"
1353,"","Blade of the Dragon King","聖劍開端之刃","","성검 그레이달파","Klinge des Drachenkönigs"
1354,"","Bubble Blow","酸之泡","","산성 거품","Blasenpusten"
1355,"","Super Bubble Blow","極酸之泡","","강력한 산성 거품","Super-Blasenpusten"
1356,"","Adhesive Bubble Blow","黏性之泡","","점착성 거품","Haft-Blasenpusten"
1357,"","Glare Eye","眩光之眼","","글레어 아이","Starrendes Auge"
1358,"","Smile Fang","微笑獠牙","","스마일 팡","Grinsezahn"
1359,"","Bubbles","泡沫","","거품","Blasen"
1360,"","Bite","反噬","","물기","Biss"
1361,"","Elastic Bubbles","伸縮自如的泡泡","","신축성 있는 거품","Elastische Blasen"
1362,"","Soap Flower","肥皂之花","","소프 플라워","Seifenblume"
1363,"","Air Bubbles","空氣之泡","","공기 거품","Luftblasen"
1364,"","Fox Tail","妖狐之尾","","꼬리치기","Fuchsschwanz"
1365,"","Poison Bubbles","毒之泡","","독 거품","Giftblasen"
1366,"","Nail Scratch","釘之刻痕","","네일 스크래치","Nagelkratzer"
1367,"","Cheese Bomb","乳酪爆彈","","치즈 폭탄","Käsebombe"
1368,"","Ninja Claw","巖兔烈鬥","","엄토열두","Ninjaklaue"
1369,"","Freezing Breath","絕對冷凍氣","","코큐토스 브레스","Eisodem"
1370,"","Eye of the Gorgon","美杜莎之眼","","아이 오브 더 고곤","Gorgonen-Auge"
1371,"","Flying Kick","飛踢","","플라잉 킥","Fliegender Tritt"
1374,"","Lightning Joust","皇家槍擊","","로얄 세이버","Blitz-Tjost"
1375,"","Shield of the Just","極樂淨土","","파이널 엘리시온","Schild der Gerechten"
1376,"","Soul Digitalization","數碼之魂","","디지터라이즈 오브 소울","Seelen-Digitalisierung"
1377,"","Spiral Masquerade","螺旋華舞","","스파이럴 매스커레이드","Spiral-Maskerade"
1378,"","Fist of Athena","急迫恐懼","","어전트 피어","Athenes Faust"
3644,"","Repel Program On...","啟動擊退程式……","","격퇴 프로그램 기동…","Abwehrprogramm ein ..."
3645,"","Erase Program On...","啟動排除程式……","","배제 프로그램 기동…","Löschprogramm ein ..."
3646,"","20% Complete...","20%完成……","","20%완료…","20 % abgeschlossen ..."
3647,"","40% Complete...","40%完成…","","40%완료…","40 % abgeschlossen ..."
3648,"","80% Complete...","80%完成……","","80%완료…","80 % abgeschlossen ..."
3649,"","100% Complete.","100%完成","","100%완료","100 % abgeschlossen."
3650,"","100% Complete.","100%完成","","100%완료","100 % abgeschlossen."
3651,"","Cleanup","清除完成","","클린 업","Bereinigung"
3652,"","System Update","系統升級","","시스템 업데이트","System-Update"
3653,"","System Update","系統升級","","시스템 업데이트","System-Update"
3654,"","System Update","系統升級","","시스템 업데이트","System-Update"
3655,"","System Update","系統升級","","시스템 업데이트","System-Update"
3656,"","System Update","系統升級","","시스템 업데이트","System-Update"
3657,"","System Update","系統升級","","시스템 업데이트","System-Update"
3658,"","System Update","系統升級","","시스템 업데이트","System-Update"
3659,"","System Update","系統升級","","시스템 업데이트","System-Update"
3660,"","I'll Show You!","讓你見識我的決心！","","나의 진심을 보여주지!","Ich zeig’s dir!"
3661,"","Out of The Way!","別來礙事……！","","방해하지 마…!","Aus dem Weg!"
3662,"","Out of The Way!","別來礙事……！","","방해하지 마…!","Aus dem Weg!"
3663,"","Disappear!","消失吧……！","","사라져라…!","Verschwinde!"
3664,"","Enraged Escape","憤怒釋放","","분노의 방출","Zornige Flucht"
3665,"","Enraged Escape","憤怒釋放","","분노의 방출","Zornige Flucht"
3666,"","Consuming All","吞噬一切","","모든 것을 먹어치워라","Alles verschlingen"
3667,"","Vampiric Cajolery","吸血鬼的蜜語","","흡혈귀의 감언","Vampirberührung"
3668,"","Having Fun?","來開心一下吧？","","즐겨보자고?","Amüsiert ihr euch?"
3669,"","Having Fun?","來開心一下吧？","","즐겨보자고?","Amüsiert ihr euch?"
3670,"","I Won't Lose!","怎麼能輸啊！","","질 수는 없어!","Ich verliere nicht!"
3671,"","Excitement","激昂","","격앙","Spannung"
3672,"","Groooan...","呻吟…","","신음하고 있다…","Aaargh ..."
3673,"","Shutdown","停止活動","","활동 정지","Abschaltung"
3674,"","Mandate","號令","","호령","Vollmacht"
3675,"","Self-Restore","自我修復","","자기회복","Selbstwiederherstellung"
3676,"","Countdown ""3""","倒數【3】","","카운트다운【3】","Countdown, 3"
3677,"","Countdown ""2""","倒數【2】","","카운트다운【2】","Countdown, 2"
3678,"","Countdown ""1""","倒數【1】","","카운트다운【1】","Countdown, 1"
3679,"","Countdown ""3""","倒數【3】","","카운트다운【3】","Countdown, 3"
3680,"","Countdown ""2""","倒數【2】","","카운트다운【2】","Countdown, 2"
3681,"","Countdown ""1""","倒數【1】","","카운트다운【1】","Countdown, 1"
3682,"","Countdown Halted","中止倒數","","카운트다운 중단","Countdown angehalten"
3683,"","Malfunction","功能下降","","기능 저하","Fehlfunktion"
3684,"","Countdown #1 Start","倒數Ⅰ開始","","카운트다운Ⅰ재개","Countdown-Start 1"
3685,"","Countdown #2 Start","倒數Ⅱ開始","","카운트다운Ⅱ재개","Countdown-Start 2"
3686,"","You Want to Go Home...","想要回去……","","돌아가고 싶어하고 있다…","Du willst nach Hause ..."
3687,"","Form Change: Magic","構造變化【魔力型】","","구조변화(마법형)","Gestalt: Magie"
3688,"","Form Change: Destruction","構造變化【殲滅型】","","구조변화(섬멸형)","Gestalt: Zerstörung"
3689,"","Load Memory","讀取記憶","","로드 메모리","Erinnerung laden"
3690,"","Memory Fragment","記憶碎片","","기억의 단편","Gedächtnisfragment"
3691,"","Load Memory","讀取記憶","","로드 메모리","Erinnerung laden"
3692,"","Memory Fragment","記憶碎片","","기억의 단편","Gedächtnisfragment"
3693,"","Load Memory","讀取記憶","","로드 메모리","Erinnerung laden"
3694,"","Memory Fragment","記憶碎片","","기억의 단편","Gedächtnisfragment"
3695,"","Load Memory","讀取記憶","","로드 메모리","Erinnerung laden"
3696,"","Memory Fragment","記憶碎片","","기억의 단편","Gedächtnisfragment"
3697,"","Release Memory","釋放記憶","","릴리스 메모리","Erinnerung freigeben"
3698,"","Energy Stock ""2""","能源儲存槽【2】","","에너지 스톡【2】","Energiereserve, 2"
3699,"","Energy Stock ""1""","能源儲存槽【1】","","에너지 스톡【1】","Energiereserve, 1"
3700,"","Energy Stock ""0""","能源儲存槽【0】","","에너지 스톡【0】","Energiereserve, 0"
3701,"","Protected...","被保護著……","","보호받고 있다……","Geschützt ..."
3702,"","Protected...","被保護著……","","보호받고 있다…","Geschützt ..."
3703,"","Protection Gone!","保護無效了！","","보호가 사라졌다!","Schutz aufgehoben!"
3704,"","Self-Restore","自我修復","","자기회복","Selbstwiederherstellung"
3705,"","Tekeli-li","泰克利．利","","테켈리-리","Tekeli-li"
3706,"","Curse","咒術","","주술","Fluch"
3707,"","Younger Sister Love","妹妹的愛","","여동생의 사랑","Liebe: Kleine Schwester"
3708,"","Older Sister Love","姊姊的愛","","언니의 사랑","Liebe: Große Schwester"
3709,"","Normalize","正常化","","정상화","Normalisieren"
3710,"","I'll Show You!","讓你看看我的決心！","","나의 진심을 보여주지!","Ich zeig’s dir!"
3711,"","I'll Use This, Thanks.","讓我用用吧","","사용해보도록 하지","Benutze ich, danke."
3712,"","Awesome Quake III","地牛翻身Ⅲ","","어스퀘이크Ⅲ","Gewaltiges Erdbeben III"
3713,"","God Matrix","神之矩陣","","갓 매트릭스","Gottesmatrix"
3714,"","Overclock","超頻","","오버 클록","Übertaktung"
3715,"","Recovery Code","恢復編碼","","리커버리 코드","Rückgewinnungs-Code"
3716,"","Ones and Zeroes","將一切分解成0跟1！","","모든 것이 0과 1로 분해된다!","Nullen und Einsen"
3717,"","Breath of Valor","武之呼吸","","무의 호흡","Atem der Tapferkeit"
3718,"","Special Defense","特殊防禦程式","","특수 방어 프로그램","Spezialverteidigung"
3719,"","Forgetting Myself","正在喪失自我！","","넋을 잃고 있다!","Ich vergesse mich"
3720,"","Number of the Beast","獸之數字","","짐승의 숫자","Zahl der Bestie"
3721,"","Raise the Roof","能力已上升！","","능력이 상승했다!","Voll aufdrehen"
3722,"","Six Actions, Six Boosts","6次行動能提昇能力！","","6회 행동마다 능력이 상승한다!","Sechsmal Aktion und Boni"
3723,"","Immortal King","不死之王","","불사의 왕","Unsterblicher König"
3724,"","Dubious Smile","妖豔的微笑著……","","야릇하게 미소짓고 있다…","Zweifelndes Lächeln"
3725,"","Let's Play A Bit...","來陪你玩一下吧……","","잠깐 놀아주마…","Lass uns spielen ..."
3726,"","Regeneration","播放","","재생","Regeneration"
3727,"","Destruction Cannon III","破壞加農Ⅲ","","디스트로이 캐논Ⅲ","Zerstörungskanone III"
3728,"","Ice Archery III","寒冰之箭Ⅲ","","아이스 아처리Ⅲ","Eisbogenschießen III"
3729,"","Heavy Strike III","重度強襲Ⅲ","","헤비 스트라이크Ⅲ","Schwerer Schlag III"
3730,"","Return to Power","力之還原","","힘의 환원","Zurück an die Macht"
3731,"","Return to Power","力之還原","","힘의 환원","Zurück an die Macht"
3732,"","Return to Power","力之還原","","힘의 환원","Zurück an die Macht"
3733,"","I'm not done yet","不會簡單結束的","","그냥 끝낼 수야 없지","Ich bin nicht fertig"
3734,"","Don't underestimate me!","可別小看我啊！","","얕보지 마라!","Unterschätz mich nicht!"
3735,"","Leave it to Lily","交給莉莉吧♪","","릴리에게 맡겨줘♪","Überlass es Lily"
3736,"","Leave it to Lily","交給莉莉吧♪","","릴리에게 맡겨줘♪","Überlass es Lily"
3737,"","No holding back","我不會手下留情","","봐주진 않겠다","Keine Hemmungen"
3738,"","Here goes","做好準備吧","","각오해둬라","Los geht’s"
3739,"","Holy Dragon Trial","聖龍試煉","","성룡의 시련","Heiliger-Drache-Prüfung"
3740,"","Evil Dragon Trial","邪龍試煉","","사룡의 시련","Böser-Drache-Prüfung"
3741,"","Divine Dragon Trial","神龍試煉","","신룡의 시련","Göttl.-Drache-Prüfung"
3742,"","Performance","表演","","퍼포먼스","Leistung"
3743,"","Finishing Hold","必殺技","","피니시 홀드","Endposition"
4033,"","System Defrag","系統重組","","시스템 디플러그","System-Defragmentierung"
4034,"","Overclock","超頻","","오버클럭","Übertaktung"
4035,"","Recovery Code","數據修復代碼","","리커버리 코드","Rückgewinnungs-Code"
4036,"","Kyoko's Coffee (Rainbow)","杏子的咖啡【彩虹色】","","쿄코의 커피(무지개색)","Kyokos Kaffee (Reg.)"
4037,"","Yuuko's Grand Feast ","悠子的滿漢全席","","유코의 만한전석","Yuukos Festmahl "
4038,"","DVD: Wicked Dragon ","DVD【黑道之龍】","","DVD(야쿠자의 용)","DVD: Böser Drache "
4039,"","High Recovery Code","高級數據修復代碼","","하이 리커버리 코드","Hoher-Rückgewinn.-Code"
4040,"","Overclock","超頻","","오버클럭","Übertaktung"
4043,"","Erika's Tarte Tatin","艾莉卡做的法式塔丁蘋果塔","","에리카의 수제 타르트 타탱","Erikas Tarte Tatin"
4044,"","Ryuji's Bento ","龍司做的手工便當","","류지의 수제 도시락","Ryujis Bento "
4045,"","Chitose's Cookie","千歲給的中意餅乾","","치토세의 맛있는 사블레","Chitoses Keks"
4046,"","Yu's Chocolate Cake","優做的手工巧克力蛋糕","","유우의 수제 가토 쇼콜라","Yus Schokokuchen"
4047,"","Yuuko's Omelet","悠子做的手工蛋包飯","","유코의 수제 오믈렛","Yuukos Omelett"
4048,"","Fei's Warabimochi","菲做的手工蕨餅","","페이의 수제 고사리 모치","Feis Warabimochi"
4049,"","Date's Bun","伊達做的手工紅豆麵包","","다테의 수제 팥빵","Dates Brötchen"
4050,"","Matayoshi's Milk","又吉給的中意牛奶","","마타요시의 맛있는 우유","Matayoshis Milch"
4051,"","Nokia's Kuzumochi","諾奇雅做的手工葛餅","","노키아의 수제 쿠즈모치","Nokias Kuzumochi"
4052,"","Agumon & Gabumon's Meat","亞古獸跟加布獸給的特製肉","","아구몬과 파피몬의 특제 고기","Fleisch (Ag. & Gab.)"
4053,"","Arata's Muffin","新給的中意瑪芬","","아라타의 맛있는 머핀","Aratas Muffin"
4054,"","Lillymon's Meat","花仙獸給的特製肉","","릴리몬의 특제 고기","Lillymons Fleisch"
4055,"","Renamon's Meat","妖狐獸給的特製肉","","레나몬의 특제 고기","Renamons Fleisch"
4056,"","Beelzemon's Meat","墮天地獄獸給的特製肉","","베르제브몬의 특제 고기","Beelzemons Fleisch"
4057,"","Leomon's Meat","獅子獸給的特製肉","","레오몬의 특제 고기","Leomons Fleisch"
4058,"","","","","",""
4059,"","Infinity Cannon","無限大炮","","∞캐논","Unendlichkeitskanone"
6050,"","Repel Program α","擊退程式―α","","격퇴 프로그램―α","Abwehrprogramm α"
6051,"","Repel Program β","擊退程式―β","","격퇴 프로그램―β","Abwehrprogramm β"
6052,"","Repel Program γ","擊退程式―γ","","격퇴 프로그램―γ","Abwehrprogramm γ"
6053,"","Repel Program δ","擊退程式―δ","","격퇴 프로그램―δ","Abwehrprogramm δ"
6054,"","Erase Program α","排除程式―α","","배제 프로그램―α","Löschprogramm α"
6055,"","Erase Program β","排除程式―β","","배제 프로그램―β","Löschprogramm β"
6056,"","Erase Program γ","排除程式―γ","","배제 프로그램―γ","Löschprogramm γ"
6057,"","Erase Program δ","排除程式―δ","","배제 프로그램―δ","Löschprogramm δ"
6058,"","Assault Rush","襲擊衝刺","","어설트 러시","Angriffssturm"
6059,"","Spread Shot","擴散射擊","","스프레드 샷","Streuschuss"
6060,"","Memory Leak","記憶外洩","","메모리 리크","Speicherverlust"
6061,"","World Nostalgic","世界．鄉愁","","월드 노스탤직","Nostalgiewelt"
6062,"","World Nostalgic","世界．鄉愁","","월드 노스탤직","Nostalgiewelt"
6063,"","World Nostalgic","世界．鄉愁","","월드 노스탤직","Nostalgiewelt"
6064,"","Ain Soph Aur","無限之光","","아인 소프 오울","Ain Soph Aur"
6065,"","Lost Paradise","失樂園","","로스트 파라다이스","Verlorenes Paradies"
6066,"","Tail Hammer","尾部重鎚","","테일 해머","Schwanzhammer"
6067,"","Infinity Dream","無限美夢","","인피니티 드림","Unendlichkeitstraum"
6068,"","Fungus Crusher","劇毒超蘑菇","","포이즌 스매쉬","Pilzzerstörer"
6069,"","Eye of the Gorgon","美杜莎之眼","","아이 오브 더 고곤","Gorgonen-Auge"
6070,"","Crystal Revolution","水晶革命","","크리스탈 레볼루션","Kristallrevolution"
6071,"","Crystal Revolution","水晶革命","","크리스탈 레볼루션","Kristallrevolution"
6072,"","Eye of the Gorgon","美杜莎之眼","","아이 오브 더 고곤","Gorgonen-Auge"
6073,"","Crystal Revolution","水晶革命","","크리스탈 레볼루션","Kristallrevolution"
6074,"","Volcanic Driver","火山驅動","","볼케닉 드라이버","Vulkantreiber"
8021,"","Test Skill 1","測試用技能1","","테스트용 스킬1","Testfertigkeit 1"
8022,"","Test Skill 2","測試用技能2","","테스트용 스킬2","Testfertigkeit 2"
8023,"","Test Skill 3","測試用技能3","","테스트용 스킬3","Testfertigkeit 3"
8024,"","Test Skill 4","測試用技能4","","테스트용 스킬4","Testfertigkeit 4"
9001,"","Perfect Revival","完美復活","","퍼펙트 리바이브","Perfekte Wiederbelebung"
9002,"","Blade of the Dragon King","聖劍開端之刃","","성검 그레이달파","Klinge des Drachenkönigs"
9003,"","Bubbles","泡泡","","거품","Blasen"
9004,"","Dragon Impulse","神龍衝擊","","드래곤 임펄스","Drachenstoß"
1379,"","Katana Attack","居合刃","","이합도","Katana-Angriff"
1380,"","Metal Armor Blade","徹甲刃","","철갑도","Metallpanzerklinge"
1381,"","Legendary Dragon Blade","成龍刃","","성룡도","Legendäre Drachenklinge"
1382,"","Eiseiryuoujin","永世龍王刃","","영세용왕도","Eiseiryuoujin"
1383,"","Darkness Zone","黑暗領域","","다크니스 존","Dunkle Zone"
